<grp_any>
            <anyObject type="lom">
                <educational>
                    <_groupEducationalEducational>
                        <context>
                            <groupContextContext>
<complexTypeContextVocabSource>
    <content>LOM-ESv1.0</content>
    <uniqueElementName>source</uniqueElementName>
</complexTypeContextVocabSource>
<complexTypeContextVocabValue>
    <content>presencial</content>
    <uniqueElementName>value</uniqueElementName>
</complexTypeContextVocabValue>
                            </groupContextContext>
                        </context>
                        <context>
                            <groupContextContext>
<complexTypeContextVocabSource>
    <content>LOM-ESv1.0</content>
    <uniqueElementName>source</uniqueElementName>
</complexTypeContextVocabSource>
<complexTypeContextVocabValue>
    <content>classroom</content>
    <uniqueElementName>value</uniqueElementName>
</complexTypeContextVocabValue>
                            </groupContextContext>
                        </context>
                        <intendedEndUserRole>
                            <groupIntendedEndUserRoleIntendedEndUserRole>
<complexTypeIntendedEndUserRoleVocabSource>
    <content>LOM-ESv1.0</content>
    <uniqueElementName>source</uniqueElementName>
</complexTypeIntendedEndUserRoleVocabSource>
<complexTypeIntendedEndUserRoleVocabValue>
    <content>learner</content>
    <uniqueElementName>value</uniqueElementName>
</complexTypeIntendedEndUserRoleVocabValue>
                            </groupIntendedEndUserRoleIntendedEndUserRole>
                        </intendedEndUserRole>
                        <language>
                            <groupLanguageLanguage>
<content>es</content>
                            </groupLanguageLanguage>
                        </language>
                        <learningResourceType>
                            <groupLearningResourceTypeLearningResourceType>
<complexTypeLearningResourceTypeVocabSource>
    <content>LOM-ESv1.0</content>
    <uniqueElementName>source</uniqueElementName>
</complexTypeLearningResourceTypeVocabSource>
<complexTypeLearningResourceTypeVocabValue>
    <content>real project</content>
    <uniqueElementName>value</uniqueElementName>
</complexTypeLearningResourceTypeVocabValue>
                            </groupLearningResourceTypeLearningResourceType>
                        </learningResourceType>
                    </_groupEducationalEducational>
                </educational>
                <general>
                    <groupGeneralGeneral>
                        <aggregationLevel>
                            <groupAggregationLevelAggregationLevel>
<complexTypeAggregationLevelVocabSource>
    <content>LOM-ESv1.0</content>
    <uniqueElementName>source</uniqueElementName>
</complexTypeAggregationLevelVocabSource>
<complexTypeAggregationLevelVocabValue>
    <content>2</content>
    <uniqueElementName>value</uniqueElementName>
</complexTypeAggregationLevelVocabValue>
<uniqueElementName>aggregationLevel</uniqueElementName>
                            </groupAggregationLevelAggregationLevel>
                        </aggregationLevel>
                        <identifier>
                            <groupIdentifierIdentifier>
<catalog>
    <groupCatalogCatalog>
        <content>Plataforma Agrega</content>
        <uniqueElementName>catalog</uniqueElementName>
    </groupCatalogCatalog>
</catalog>
<entry>
    <groupEntryEntry>
        <content>4a7d755e-34a5-410a-a7d4-601881136623</content>
        <uniqueElementName>entry</uniqueElementName>
    </groupEntryEntry>
</entry>
                            </groupIdentifierIdentifier>
                        </identifier>
                        <language>
                            <groupLanguageLanguage>
<content>es</content>
                            </groupLanguageLanguage>
                        </language>
                        <title>
                            <groupTitleTitle>
<languageStringItem>
    <string>
        <content>El uso de herramientas digitales “opensource” interactivas para desarrollar y publicar  Recursos Educativos Abiertos (REA)</content>
        <language>es</language>
    </string>
</languageStringItem>
<uniqueElementName>title</uniqueElementName>
                            </groupTitleTitle>
                        </title>
                        <uniqueElementName>general</uniqueElementName>
                    </groupGeneralGeneral>
                </general>
                <lifeCycle>
                    <groupLifeCycleLifeCycle>
                        <contribute>
                            <groupContributeContribute>
<date>
    <groupDateDate>
        <complexTypeDateTimeDateTime>
            <content>Sun Apr 09 10:32:48 CEST 2023</content>
            <uniqueElementName>dateTime</uniqueElementName>
        </complexTypeDateTimeDateTime>
        <complexTypeDateTimeDescription>
            <languageStringItem>
                <string>
                    <content>Fecha de creación de los metadatos</content>
                </string>
            </languageStringItem>
        </complexTypeDateTimeDescription>
        <uniqueElementName>date</uniqueElementName>
    </groupDateDate>
</date>
<entityUnbounded>
    <groupEntityUnboundedEntity>
        <content>BEGIN:VCARD VERSION:3.0 FN: Ismail Ali Gago EMAIL;TYPE=INTERNET:ORG: END:VCARD</content>
    </groupEntityUnboundedEntity>
</entityUnbounded>
<role>
    <groupRoleRole>
        <complexTypeRoleVocabSource>
            <content>LOM-ESv1.0</content>
            <uniqueElementName>source</uniqueElementName>
        </complexTypeRoleVocabSource>
        <complexTypeRoleVocabValue>
            <content>author</content>
            <uniqueElementName>value</uniqueElementName>
        </complexTypeRoleVocabValue>
        <uniqueElementName>role</uniqueElementName>
    </groupRoleRole>
</role>
                            </groupContributeContribute>
                        </contribute>
                        <uniqueElementName>lifeCycle</uniqueElementName>
                    </groupLifeCycleLifeCycle>
                </lifeCycle>
                <metaMetadata>
                    <groupMetaMetadataMetaMetadata>
                        <language>
                            <groupLanguageLanguage>
<content>es</content>
                            </groupLanguageLanguage>
                        </language>
                        <metadataSchema>
                            <groupMetadataSchemaMetadataSchema>
<content>LOM-ESv1.0</content>
                            </groupMetadataSchemaMetadataSchema>
                        </metadataSchema>
                        <uniqueElementName>metaMetadata</uniqueElementName>
                    </groupMetaMetadataMetaMetadata>
                </metaMetadata>
                <rights>
                    <groupRightsRights>
                        <access>
                            <groupAccessAccess>
<accessType>
    <groupAccessTypeAccessType>
        <complexTypeAccessTypeVocabSource>
            <content>LOM-ESv1.0</content>
            <uniqueElementName>source</uniqueElementName>
        </complexTypeAccessTypeVocabSource>
        <complexTypeAccessTypeVocabValue>
            <content>universal</content>
            <uniqueElementName>value</uniqueElementName>
        </complexTypeAccessTypeVocabValue>
        <uniqueElementName>accessType</uniqueElementName>
    </groupAccessTypeAccessType>
</accessType>
<description>
    <groupDescriptionDescription>
        <languageStringItem>
            <string>
                <content>Default</content>
            </string>
        </languageStringItem>
    </groupDescriptionDescription>
</description>
<uniqueElementName>access</uniqueElementName>
                            </groupAccessAccess>
                        </access>
                        <copyrightAndOtherRestrictions>
                            <groupCopyrightAndOtherRestrictionsCopyrightAndOtherRestrictions>
<complexTypeCopyrightAndOtherRestrictionsVocabSource>
    <content>LOM-ESv1.0</content>
    <uniqueElementName>source</uniqueElementName>
</complexTypeCopyrightAndOtherRestrictionsVocabSource>
<complexTypeCopyrightAndOtherRestrictionsVocabValue>
    <content>creative commons: attribution</content>
    <uniqueElementName>value</uniqueElementName>
</complexTypeCopyrightAndOtherRestrictionsVocabValue>
<uniqueElementName>copyrightAndOtherRestrictions</uniqueElementName>
                            </groupCopyrightAndOtherRestrictionsCopyrightAndOtherRestrictions>
                        </copyrightAndOtherRestrictions>
                        <uniqueElementName>rights</uniqueElementName>
                    </groupRightsRights>
                </rights>
            </anyObject>
        </grp_any>